statistic,df,p_value
844.693463033182,286,1.47483382199032e-56
